"data.hostItem.author";"data.hostItem.title";"data.hostItem.keywords";"data.hostItem.subject"
"Albertus Magnus";"Mariale";"or literature-devotional?";"literature-moral"
"Albertus Magnus";"Metaphysica";;"philosophy"
"Albertus Magnus";"Sermones de tempore et de sanctis";;"theology-pastoral"
"Albertus Magnus";"Summa de creaturis";"education";"theology-speculative"
"Albertus de Padua";"Expositio evangeliorum dominicalium et festivalium";"theology-practical?";"theology-biblical"
"Albertus de Padua";"Expositio evangeliorum dominicalium et festivalium. Add: Nicolaus de Dinkelsbuel: Concordantia in passionem dominicam";"theology-practical?";"theology-biblical"
"Albumasar";"Introductorium in astronomiam. Tr: Hermannus Dalmata";"translation; education";"astronomy"
"Alchabitius";"Libellus isagogicus. Tr: Johannes Hispalensis. Add: Johannes de Saxonia: In Alchabitium (Corr: Bartholomaeus Alten)";"translation; education; collection";"astrology"
"Alexander Carpentarius";"Destructorium vitiorum";;"theology-moral"
"Alexander VI, Pont. Max. (formerly Rodrigo Borgia)";"Bulla 7 Oct. 1494 ""Licet ea"" confirming the marriage of Henry VII and Elizabeth of York";"current affairs";"Law-canon"
"Alexander de Ales";"Summa universae theologiae (i.e. Super IV libros sententiarum Petri Lombardi)";;"theology-speculative"
"Alliaco, Petrus de";"Quaestiones super libros Sententiarum Petri Lombardi. Add: Recommendatio S. Scripturae; Principium in cursum Bibliae; Quaestio in suis vesperiis; Quaestio de resumpta";"commentary?";"theology-biblical"
"Alliaco, Petrus de";"Quaestiones super libros Sententiarum Petri Lombardi. Add: Recommendatio S. Scripturae; Principium in cursum Bibliae; Quaestio in suis vesperiis; Quaestio de resumpta. Ed. Jacobus Merlinus";"commentary?";"theology-biblical"
"Alphonsus de Spina";"Fortalitium fidei";"hebraica; polemical works";"theology-speculative"
"Alphonsus de Spina";"Fortalitium fidei";"polemical works; hebraica";"theology-speculative"
"Alphonsus, Rex Castellae";"Tabulae astronomicae. Ed: Johannes Lucilius Santritter. With additions by Augustinus Moravus. Add: Johannes Lucilius Santritter: Canones in tabulas Alphonsi";"collection";"astronomy"
"Ambrosius, S";"Opera. Ed: Johann Amerbach, Johannes (Heynlin) de Lapide";;"theology"
"Angelus de Clavasio";"Summa angelica de casibus conscientiae. With additions by Hieronymus Tornieli";;"theology-pastoral"
"Annius, Johannes, Viterbiensis";"Auctores vetustissimi (Comm: Johannes Annius)";"literary forgery; classical studies";"literature"
"Anselmus, S";"Cur deus homo";;"theology-speculative"
"Anselmus, S";"Cur deus homo";;"theology-speculative"
"Anselmus, S";"Dialogus Anselmi et Beatae Mariae Virginis de Passione Jesu Christi";;"theology-speculative"
"Anselmus, S";"Opera";"collection";"theology-speculative"
"Anselmus, S";"Opera";"collection";"theology-speculative"
"Anselmus, S";"Opera";"collection";"theology-speculative"
"Anselmus, S";"Opera";"collection";"theology-speculative"
"Anselmus, S";"Opera. Ed: Petrus Danhauser";"collection";"theology-speculative"
"Antoninus Florentinus";"Chronicon, Partes I-III";"history";"theology-speculative"
"Antoninus Florentinus";"Chronicon, Partes I-III";"history";"theology-speculative"
"Aristoteles";"Opera [Greek]. Contains also works of Galenus (II); Philo Judaeus (II); Theophrastus (II-IV); Alexander Aphrodisaeus (IV)";"education; collection; philosophy-logic; medicine; philosophy-natural";"philosophy"
"Asconius Pedianus, Quintus";"Commentarii in orationes Ciceronis. Ed: Hieronymus Squarzaficus. Add: Georgius Trapezuntius: De artificio Ciceronianae orationis Pro Quinto Ligario. Antonius Luschus: Inquisitio super xi orationes Ciceronis. Sicco Polentonus: Argumenta super xii orationibus et invectivis Ciceronis";"commentary; education; classical studies; collection";"Rhetoric"
"Astesanus de Ast";"Summa de casibus conscientiae. Ed: Bartholomaeus de Bellatis and Gometius de Ulixbona";;"theology pastoral"
"Augustinus de Ancona";"Summa de potestate ecclesiastica";"education";"theology-pastoral"
"Augustinus de Ancona";"Summa de potestate ecclesiastica. Ed: Paulus de Bergamo";"education";"theology-pastoral"
"Augustinus, Aurelius";"De civitate dei (Comm: Thomas Waleys and Nicolaus Trivet)";"philosophy-political";"theology-speculative"
"Bartholomaeus Anglicus";"De proprietatibus rerum [English] (Tr: John Trevisa)";"translation; encyclopedia; education";"philosophy"
"Bartholomaeus Brixiensis";"Casus decretorum";"education";"law-canon"
"Bartholomaeus de Sancto Concordio";"Summa de casibus conscientiae";;"theology-pastoral"
"Barzizius, Gasparinus";"Epistolae";"letter collection; education";"literature"
"Berengarius de Landora";"Lumen animae. Ed: Matthias Farinator";;"theology-moral"
"Bernardus Claravallensis";"Modus bene vivendi in christianam religionem";;"theology"
"Bernardus Claravallensis";"Sermones super Cantica canticorum. Ed: Johannes Rouauld";;"theology"
"Bernardus Parmensis";"Casus longi super quinque libros decretalium";"commentary; education";"law-canon"
"Bertholdus";"Horologium devotionis";;"theology-pastoral"
"Bertrandi, Petrus";"Libellus de iurisdictione ecclesiastica contra Petrum de Cugneriis";"Polemical works";"Law-canon"
"Bertrandus de Turre";"Sermones de tempore et de sanctis, una cum quadragesimali epistolari";;"theology-pastoral"
"Biel, Gabriel";"Sacri canonis missae expositio. Ed: Wendelin Steinbach. Additions by Heinrich Bebel";"commentary; liturgy";"theology-pastoral"
"Birgitta, S";"Revelationes. With foreword by Johannes de Turrecremata and Matthias de Suecia. Vita abbreviata S. Birgittae. Hymnus ad Beatam Birgittam. Ed: Florian Waldauf";"prophetic works; hagiography; collection";"literature-devotional"
"Blondus, Flavius";"Historiarum ab inclinatione Romanorum imperii decades. Additions by Johannes Antonius Campanus";"Classical studies";"History"
"Boccaccio, Giovanni";"Genealogiae deorum. Additions by Dominicus Silvester. Add: De montibus, silvis, fontibus, lacubus, fluminibus, stagnis seu paludibus, de nominibus maris";"encyclopedia; collection; classical studies";"literature"
"Boethius";"De consolatione philosophiae (with commentary ascribed in the text to Thomas Aquinas). Add: Pseudo- Boethius: De disciplina scholarium (Comm: pseudo- Thomas Aquinas)";"Collection; Education; Commentary; Theology-moral; Theology-moral";"Philosophy"
"Boethius";"De consolatione philosophiae [English & Latin]. Tr: Geoffrey Chaucer. Additions by Stephanus Surigonus";"Theology-moral; Theology-moral; Translation; Education";"Philosophy"
"Boethius";"Opera";"Collection";"Philosophy"
"Bonaventura, S";"Meditationes vitae Christi";;"literature-devotional"
"Bonaventura, S";"Meditationes vitae Christi [English] The myrroure of the blessyd lyf of Jhesu Cryste. Tr: Nicholas Love. Add: A short treatise of the sacrament of Christ's blessed body. A short devote prayer of Jesus Christ";"collection; translation";"literature-devotional"
"Bonaventura, S";"Meditationes vitae Christi [English] The myrroure of the blessyd lyf of Jhesu Cryste. Tr: Nicholas Love. Add: A short treatise of the sacrament of Christ's blessed body. A short devote prayer of Jesus Christ";"collection; translation";"literature-devotional"
"Bonaventura, S";"Meditationes vitae Christi [English] The myrroure of the blessyd lyf of Jhesu Cryste. Tr: Nicholas Love. Add: A short treatise of the sacrament of Christ's blessed body. A short devote prayer of Jesus Christ";"translation; collection";"literature-devotional"
"Bradwardinus, Thomas";"Geometria speculativa. Ed: Petrus Sanchez Cirvelus";"education; philosophy";"Geometry"
"Breydenbach, Bernhard von";"Peregrinatio in terram sanctam";"travel";"Literature-devotional"
"Breydenbach, Bernhard von";"Peregrinatio in terram sanctam";"travel";"Literature-devotional"
"Burlaeus, Gualtherus";"De vita et moribus philosophorum (incomplete edition)";"biography; education";"philosophy"
"Butrio, Antonius de";"Speculum de confessione. Add: Speculum animae peccatricis. Ars moriendi ""Cum de praesentis exilii miseria mortis transitus"". Hugo de Sancto Caro: Speculum ecclesiae et sacerdotum. Rodericus Zamorensis: Speculum vitae humanae. Dionysius Carthusiensis: Speculum conversionis peccatorum";;"theology-pastoral"
"Capreolus, Johannes";"Quaestiones in IV libros Sententiarum Petri Lombardi, seu libri IV defensionum theologiae Thomae Aquinatis. Ed: Thomas de S. Germano";"polemical works";"theology-speculative"
"Caracciolus, Robertus";"Sermones de adventu, Sermo de S. Joseph, Sermo de Beatitudine, Sermones de divina caritate, Sermones de immortalitate animae. Add: Dominicus Bollanus: De conceptione B.V.M.";;"theology-moral"
"Caracciolus, Robertus";"Sermones de laudibus sanctorum. Add: Sermo de S. Bernardino";;"theology-moral"
"Caracciolus, Robertus";"Sermones de laudibus sanctorum. Corr: Gasparino Borro";;"theology-moral"
"Caracciolus, Robertus";"Sermones quadragesimales de poenitentia";;"theology-moral"
"Caracciolus, Robertus";"Sermones quadragesimales de poenitentia";;"theology-moral"
"Carcano, Michael de";"Sermonarium de peccatis per adventum et per duas quadragesimas";;"theology-pastoral"
"Cassianus, Johannes";"De institutis coenobiorum. Add: Collationes patrum XXIV";;"theology-ecclesiology?"
"Cato, Dionysius";"Disticha de moribus [English and Latin] Tr: from the French by William Caxton. With a paraphrase and commentary";"education; translation; poetry";"literature-moral"
"Cato, Dionysius";"Disticha de moribus. Comm: Philippus de Bergamo, Robertus de Euremodio";"poetry; commentary; education";"literature-moral"
"Cicero, Marcus Tullius";"De officiis. Add: Paradoxa Stoicorum. Hexasticha XII sapientum de titulo Ciceronis. Horatius Flaccus: Ad T. Manlium Torquatum (Carm. IV 7)";"collection";"philosophy-ethics"
"Cicero, Marcus Tullius";"Epistolae ad familiares";"philosophy; letter collections; philosophy-political";"rhetoric"
"Cinus de Pistorio";"De successionibus ab intestato";;"Law-civil"
"Columna, Franciscus";"Hypnerotomachia Poliphili. Add: Leonardus Crassus, Johannes Baptista Scytha and Andreas Maro";;"literature"
"Consobrinus, Johannes";"De justitia commutativa. Ed: Jacobus Lupius";"law?; literature-social; Economics";"philosophy-ethics"
"Cyprianus";"De dominica oratione";;"theology-pastoral"
"Cyprianus";"Opera";;"theology-pastoral"
"Cyprianus";"Opera";;"theology-pastoral"
"Cyprianus";"Opera. Ed: Johannes Andreas, bishop of Aleria, and Christoforus de Priolis";;"theology-pastoral"
"Cyrillus, Pseudo-";"Speculum sapientiae";;"theology-speculative"
"Diodorus Siculus";"Bibliothecae historicae libri VI. Tr: Poggius Florentinus. Add: Tacitus: Germania";"Encyclopaedia; collection; translation";"History"
"Diogenes Laertius";"Vitae et sententiae philosophorum .Tr: Ambrosius Traversarius. Ed: Benedictus Brognolus";"rhetoric; Biography; literature-moral; translation";"Philosophy"
"Diomedes";"Ars grammatica. Add: Phocas: De nomine et verbo; Priscianus: Institutio de nomine, pronomine, et verbo; Flavius Caper, Pseudo- : De orthographia et latinitate verborum;  Agroecius: De orthographia et proprietate et differentia sermonis;  Aelius Donatus: [Ars Maior P.2-3] De octo partibus orationis. De barbarismo; Maurus Servius Honoratus: Commentarius in artem Donati";"Education; collection";"Grammar"
"Donatus, Aelius";"Ars minor";"education";"Grammar"
"Dozoli, Laurentius, and Buyer, Jacques";"De Corporis Christi sive repetitio capituli ""Quum Marthae"" (Decretal. III, 41,6)";"Education";"Theology-speculative"
"Duns Scotus, Johannes";"Quaestiones in quattuor libros Sententiarum Petri Lombardi cum textu. Ed: Gratianus Brixiensis";"collection; education; commentary";"Theology-speculative"
"Duns Scotus, Johannes";"Quaestiones in quattuor libros Sententiarum Petri Lombardi. Ed: Philippus Bagnacavallus";"education; collection; commentary";"Theology-speculative"
"Duns Scotus, Johannes";"Quaestiones selectae abbreviatae et ordinatae per alphabetum super quattuor libris Sententiarum Petri Lombardi Quodlibetisque Metaphysicae et De Anima. Ed: Johannes de Colonia";"commentary; abridgment; education; collection";"Theology-speculative"
"Duns Scotus, Johannes";"Quaestiones super libros Metaphysicorum Aristotelis. De Primo principio. Theoremata. Ed: Mauritius de Portu. Add: Mauritius de Portu: Epitomata sive castigationes";"commentary; education; collection";"Philosophy"
"Duns Scotus, Johannes";"Quodlibeta. Ed: Philippus Bagnacavallus";"education";"Theology-speculative"
"Duranti, Guillelmus";"Rationale divinorum officiorum";"liturgy";"theology-speculative"
"Duranti, Guillelmus";"Rationale divinorum officiorum";"liturgy";"theology-speculative"
"Duranti, Guillelmus";"Speculum judiciale. Add: Johannes Andreae: Additiones ad Duranti Speculum judiciale; Baldus de Ubaldis: Additiones ad Duranti Speculum judiciale; Berengarius Fredoli: Inventarium Duranti Speculi judicialis. Ed: Franciscus Moneliensis";"commentary; collection; theology-speculative; education";"law-canon"
"Eschuid, Johannes";"Summa astrologiae judicialis";"prophetic works";"astrology"
"Eusebius Caesariensis";"Historia ecclesiastica. Tr: Rufinus Aquileiensis";"translation";"ecclesiastical history"
"Eusebius Caesariensis";"Historia ecclesiastica. Tr: Rufinus Aquileiensis. Add: Beda: Historia ecclesiastica gentis Anglorum";"translation; collection";"ecclesiastical history"
"Ferrerius, Vincentius, S";"Sermones de tempore et de sanctis";;"theology-pastoral"
"Gallus, Abbas Cisterciensis";"Malogranatum";"mystical works";"Theology-moral"
"Gerardus de Zutphania (1367-1398)";"De spiritualibus ascensionibus. Add: David de Augusta: De exterioris et interioris hominis compositione Lib. II, 1 (De quatuor in quibus incipientes deo servire debent esse cauti)";"collection; Mystical works";"Theology-pastoral"
"Gorris, Guillermus";"Scotus pauperum";"commentary; education; abridgement";"Theology"
"Gower, John";"Confessio amantis";"poetry";"Literature"
"Gratia Dei, Johannes Baptista";"De confutatione hebraicae sectae";"polemical works; hebraica";"Literature-social"
"Gregorius I, Pont. Max";"Moralia, sive Expositio in Job";"commentary";"theology-pastoral"
"Guido de Monte Rochen";"Manipulus curatorum";;"theology-pastoral"
"Guido de Monte Rochen";"Manipulus curatorum";;"theology-pastoral"
"Guilelmus de Gouda";"Expositio mysteriorum missae";;"Theology-pastoral?"
"Guilielmus Carthusiensis";"Sermones super orationem dominicam";;"Theology-pastoral"
"Guillaume de Digulleville";"Le pèlerinage de l'âme [English] The pylgremage of the sowle. Translated and emended by John Lydgate";"translation";"Literature-devotional"
"Guillermus";"Postilla super epistolas et evangelia";"Bible";"Theology-pastoral?"
"Guillermus";"Postilla super epistolas et evangelia";"Bible";"Theology-pastoral?"
"Guillermus";"Postilla super epistolas et evangelia";"Bible";"Theology-pastoral?"
"Guillermus Altissiodorensis";"Summa aurea in quattuor libros Sententiarum Petri Lombardi. Ed: Guilelmus de Quercu";"Education; commentary";"theology-speculative"
"Guillermus Alvernus, Episcopus Parisiensis";"De sacramentis. Add: Cur deus homo; De poenitentia";"collection";"theology-pastoral"
"Guillermus Alvernus, Episcopus Parisiensis";"De universo";;"theology-speculative"
"Guillermus Alvernus, Episcopus Parisiensis";"Opera. Ed: Petrus Danhauser. Add: Johann Rosenbach";"collection";"theology"
"Guillermus Baufet, Episcopus Parisiensis (d. 1319)";"Dialogus de septem sacramentis";;"theology-pastoral"
"Henricus de Herpf";"Speculum aureum decem praeceptorum Dei";;"theology-moral"
"Hieronymus";"Vitae sanctorum patrum, sive Vitas patrum [English] The lyff of the faders (Tr: William Caxton)";"ecclesiastical history; translation";"hagiography"
"Higden, Ranulphus";"Polycronicon. Tr: John Trevisa. With the continuation 1357-1460 by William Caxton";"religion; collection; translation";"history"
"Higden, Ranulphus";"Polycronicon. Tr: John Trevisa. With the continuation 1357-1460 by William Caxton";"collection; translation; religion";"history"
"Holkot, Robertus";"Quaestiones super quattuor libros Sententiarum Petri Lombardi (Ed: Augustinus de Ratisbona and Jodocus Badius Ascensius). Add: Quaestio de imputabilitate peccati; Conferentiae quaedam; Determinationes quarumdam aliarum quaestionum";"education; commentary";"theology-speculative"
"Holkot, Robertus";"Super sapientiam Salomonis";"commentary; education";"theology-biblical"
"Hollen, Gotschalcus";"Praeceptorium divinae legis";;"theology-pastoral"
"Horatius Flaccus, Quintus";"Opera. Comm: Nicolaus Perottus. Ed: Jacobus Locher";"commentary";"literature"
"Hugo de Sancto Victore";"De sacramentis Christianae fidei";;"Theology-speculative"
"Institoris, Henricus";"In errores Monarchiae Antonii de Rosellis";"polemical works; philosophy-political";"law-civil&amp;canon"
"Ivo, Episcopus Carnotensis";"Liber decretorum, sive Panormia. Ed: Sebastian Brant";"Theology-ecclesiology";"Law-canon"
"Jacobus de Reno";"Dialogus de sene et iuvene de amore disputantibus. Add: In laudem musicae artis";"collection";"Literature-moral"
"Jacobus de Theramo";"Consolatio peccatorum, seu Processus Belial";"literature-devotional; trial; Theology-moral";"Law-canon"
"Jacobus de Voragine";"Legenda aurea sanctorum, sive Lombardica historia";"literature devotional; liturgy";"hagiography"
"Jacobus de Voragine";"Legenda aurea sanctorum, sive Lombardica historia";"literature devotional; liturgy";"hagiography"
"Jacobus de Voragine";"Legenda aurea sanctorum, sive Lombardica historia";"liturgy; literature devotional";"hagiography"
"Jacobus de Voragine";"Sermones de tempore per totum annum";;"theology pastoral"
"Johannes de Bromyard";"Opus trivium. Ed: Simon Bertherius";;"theology-pastoral"
"Juvenalis, Guido";"Vindicta seu defensio monasticae reformationis";"polemical works; current affairs; rethoric";"theology ecclesiology"
"Lactantius, Lucius Coelius Firmianus";"Opera";"poetry; collection";"Literature"
"Lattebury, Johannes";"Liber moralium super threnis Ieremiae";"commentary; Bible";"Theology-moral"
"Lattebury, Johannes";"Liber moralium super threnis Ieremiae";"Bible; commentary";"Theology-moral"
"Leopoldus, S";"Historia Sancti Leopoldi [Officium de festo sancto Leopoldi secundum rubricam ecclesiae Pataviensis]";"liturgy";"hagiography"
"Lichtenberger, Johannes";"Prognosticatio";"prophetic works; polemical works";"astrology"
"Lichtenberger, Johannes";"Prognosticatio";"polemical works; prophetic works";"astrology"
"Lichtenberger, Johannes";"Prognosticatio";"polemical works; prophetic works";"astrology"
"Lignano, Johannes de";"De pluralitate beneficiorum ecclesiasticorum. Add: Guilelmus Bont: Responsio ac decisio quaestionis quodlibetice; Aegidius de Bellamera: Tractatus permutationum beneficiorum ecclesiasticorum";"education";"Law-canon"
"Ludolphus de Saxonia";"Vita Christi";"theology-pastoral";"hagiography"
"Lullus, Raymundus";"De laudibus B. V. Mariae. De natali pueri parvuli. Clericus. Phantasticus. Ed: Jacobus Faber Stapulensis";;"literature-devotional"
"Lupius, Jacobus";"Fructus sacramenti penitentie";;"theology-pastoral"
"Lupius, Jacobus";"Fructus sacramenti penitentie";;"theology-pastoral"
"Lydgate, John";"The virtue of the mass [English verse]";"poetry";"literature"
"Lyndewode, Guilielmus";"Constitutiones provinciales ecclesiae Anglicanae";"administration church";"law-canon"
"Lyndewode, Guilielmus";"Constitutiones provinciales ecclesiae Anglicanae";"administration church";"law-canon"
"Magni, Jacobus";"Le livre de bonnes moeurs [English] The book of good manners (Tr: William Caxton)";"translation";"literature-social"
"Maillardus, Oliverius";"Sermones de adventu. Sermones dominicales. Quadragesimales. Add: Sermones de stipendio peccati et gratiae praemio";;"theology-pastoral"
"Maimonides, Moses";"Mishneh Torah";"rabbinics; religion; commentary; hebraica";"Law-national"
"Mancinus, Dominicus";"Carmen de passione Christi. Add: Oratio ad Virginem";"poetry";"literature-devotional"
"Meffret";"Sermones de tempore et de sanctis, sive Hortulus reginae";;"theology-pastoral"
"Meffret";"Sermones de tempore et de sanctis, sive Hortulus reginae";;"theology-pastoral"
"Meffret";"Sermones de tempore et de sanctis, sive Hortulus reginae. Add: Johannes de Lapide, Praemonitio circa sermones de conceptione virginis Mariae";"collection";"theology-pastoral"
"Merlin";"Histoire de la vie, miracles, enchentements et prophecies de Merlin";"chivalry";"literature"
"Mirk, John";"Liber festivalis [English]";;"theology-pastoral"
"Mirk, John";"Liber festivalis [English]";;"theology-pastoral"
"Moesch, Johannes";"De horis canonicis dicendis";;"theology-pastoral"
"Nestor, Dionysius";"Vocabularius. Add: Johannes Sulpitius Verulanus: De quantitate syllabarum";"dictionary; collection";"grammar"
"Nicolaus de Blony";"Sermones de tempore et de sanctis, sive Viridarius";;"theology-pastoral"
"Nicolaus de Byard";"Dictionarius pauperum (Flos Theologiae) sive Summa de abstinentia";;"theology-pastoral"
"Nider, Johannes";"Consolatorium timoratae conscientiae";;"theology-moral"
"Nider, Johannes";"De morali lepra";;"theology-moral"
"Nider, Johannes";"Manuale confessorum";;"theology-pastoral"
"Nider, Johannes";"Praeceptorium divinae legis, sive Expositio decalogi";;"theology-pastoral"
"Ockam, Guilielmus";"Decisiones VIII quaestionum super potestate summi Pontificis. Ed: Johannes Trechsel";"theology-ecclesiology";"philosophy-political"
"Ockam, Guilielmus";"Dialogorum libri septem adversos haereticos; Compendium errorum, sive tractatus de dogmatibus Johannis papae XXII. Ed: Jodocus Badius Ascensius";"collection; philosophy-political";"theology-ecclesiology"
"Ockam, Guilielmus";"In primum librum Sententiarum Petri Lombardi";"commentary; education";"theology-speculative"
"Ockam, Guilielmus";"Logica. Ed: Augustinus de Ratisbona";;"philosophy-logic"
"Ockam, Guilielmus";"Opus nonaginta dierum et dialogi. Ed: Augustinus de Ratisbona, Jodocus Badius Ascensius. Add: Michael de Cesena: Litterae";"collection; letter collection; theology-ecclesiology";"philosophy-political"
"Ockam, Guilielmus";"Quaestiones et decisiones in quattuor libros Sententiarum Petri Lombardi. Centilogium theologicum. Ed: Augustinus de Ratisbona, Jodocus Badius Ascensius";"education; collection; commentary";"theology-speculative"
"Ockam, Guilielmus";"Quodlibeta septem una cum tractatu De sacramento altaris";;"theology-speculative"
"Orbellis, Nicolaus de";"Expositio in quattuor libros Sententiarum Petri Lombardi";"education; commentary";"theology-speculative"
"Ovidius Naso, Publius";"Fasti. Comm: Paulus Marsus";"commentary; Poetry";"Literature"
"Paraldus, Guilielmus";"Sermones de tempore et de sanctis. Ed: Heinrich Bebel. Add: Wendelin Steinbach: Tabula";"collection; index";"theology-pastoral"
"Parker, Henry";"Dives and Pauper";;"literature-social"
"Pavinis, Johannes Franciscus de";"Defensorium canonizationis S. Leopoldi";"Law-canon";"hagiography"
"Pavinis, Johannes Franciscus de";"Oratio in laudem Leopoldi Marchionis Austriae";"Celebratory works; current affairs";"Rhetoric"
"Petrus Comestor";"Historia scholastica";"Commentary; Education; Bible";"Theology"
"Petrus Comestor";"Historia scholastica";"Commentary; Bible; Education";"Theology"
"Petrus Comestor";"Historia scholastica";"Bible; Education; Commentary";"Theology"
"Petrus Lombardus";"Glossa in Epistolas Pauli";"Commentary; Bible";"Theology"
"Petrus Lombardus";"Glossa magistralis Psalterii";"Bible; Commentary";"Theology"
"Petrus Lombardus";"Sententiarum libri IV";"Bible; Commentary; Education";"Theology"
"Petrus de Bergamo";"Tabula operum Thomae Aquinatis. Ed: Ambrosius de Alemania";"Index";"theology-pastoral"
"Petrus de Harentals";"Collectarius super librum Psalmorum";"Bible; Commentary";"Theology"
"Platina, Bartholomaeus";"Vitae pontificum";"Biography; Religion";"History"
"Platina, Bartholomaeus";"Vitae pontificum";"Religion; Biography";"Ecclesiastical history"
"Plutarchus";"Vitae illustrium virorum [Latin]. Ed: J.A. Campanus. Add: Sextus Rufus: De historia Romana";"biography; history; collection; translation";"Literature-moral"
"Priscianus";"Opera. Ed: Benedictus Brognolus";"collection; Education";"Grammar"
"Prosper Aquitanus";"De Vita contemplativa. De Vita actuali";;"Literature-moral"
"Rainerius de Pisis";"Pantheologia, sive Summa universae theologiae. Ed: Jacobus Florentinus";"education?; encyclopaedia";"Theology"
"Rampigollis, Antonius and Bindo de Senis";"Aurea Biblia, sive Repertorium aureum Bibliorum";"Index; education";"Theology-biblical"
"Raymundus de Sabunde";"Theologia naturalis, sive liber creaturarum";"Theology-moral";"Philosophy"
"Reginaldetus, Petrus";"Speculum finalis retributionis (Ed: Guilhermus Totani and Petrus de Fontenay)";;"theology-pastoral"
"Rolewinck, Werner";"De venerabili sacramento et valore missarum";;"Theology-speculative"
"Rolewinck, Werner";"Fasciculus temporum";;"History"
"Rolewinck, Werner";"Fasciculus temporum";;"History"
"Rolewinck, Werner";"Origo nobilitatis";;"Literature-social"
"Rolle de Hampole, Richardus";"Explanationes in Job";"commentary";"Theology-biblical"
"Rosellis, Antonius de";"Monarchia, sive De potestate Imperatoris ac Papae";"Law-civil; Law-canon";"philosophy-political"
"Salis, Baptista de (Trovamala)";"Summa casuum conscientiae. Add: Sixtus IV: Bulla ""Etsi dominici gregis"" 30 Dec. 1479. Rubricae iuris civilis et canonici";"Law-canon; collection";"theology-pastoral"
"Salis, Baptista de (Trovamala)";"Summa casuum conscientiae. Add: Sixtus IV: Bulla ""Etsi dominici gregis"" 30 Dec. 1479. Rubricae iuris civilis et canonici";"collection; Law-canon";"theology-pastoral"
"Sallustius Crispus, Gaius";"Opera";"collection";"History"
"Samuel, Rabbi";"Epistola contra Judaeorum errores (Tr: Alphonsus Boni Hominis)";"polemical works; translation; hebraica";"theology-pastoral"
"Savonarola, Hieronymus";"Dell' orazione mentale";;"literature devotional"
"Savonarola, Hieronymus";"Dell' umiltà";"religion";"literature moral"
"Schedel, Hartmann";"Liber chronicarum";;"history"
"Schedel, Hartmann";"Liber chronicarum";;"history"
"Schedel, Hartmann";"Liber chronicarum";;"history"
"Sibylla, Bartholomaeus";"Speculum peregrinarum quaestionum";;"theology-pastoral"
"Soccus, Frater Ord. Cisterciensis";"Sermones de sanctis";;"theology-pastoral"
"Soccus, Frater Ord. Cisterciensis";"Sermones de tempore";;"theology-pastoral"
"Suetonius Tranquillus, Gaius";"Vitae XII Caesarum. Comm: Marcus Antonius Sabellicus. Add: Marcus Antonius Sabellicus: Epistola Augustino Barbadico; Vita Suetonii. Ausonius: Versus";"celebratory works; collection; biography; commentary";"history"
"Thomas Aquinas";"Summa theologiae: Pars secunda: secunda pars";"philosophy; education";"theology-speculative"
"Thomas Becket, S., Archiepiscopus Cantuariensis";"Vita et Processus super libertate ecclesiastica";"hagiography";"Theology-ecclesiology"
"Thomas à Kempis";"Soliloquium animae";;"theology-pastoral"
"Turrecremata, Johannes de";"Expositio super toto psalterio";"bible; commentary";"theology-pastoral"
"Turrecremata, Johannes de";"Expositio super toto psalterio";"commentary; bible";"theology-pastoral"
"Turrecremata, Johannes de";"Expositio super toto psalterio";"commentary; bible";"theology-pastoral"
"Turrecremata, Johannes de";"Summa de ecclesia contra impugnatores potestatis summi pontificis et LXXIII quaestiones super potestate et auctoritate Papali ex sententiis sancti Thomae Aquinatis";"polemical works";"theology-ecclesiology"
"Turrecremata, Johannes de";"Summa de ecclesia contra impugnatores potestatis summi pontificis et LXXIII quaestiones super potestate et auctoritate Papali ex sententiis sancti Thomae Aquinatis";"polemical works";"theology-ecclesiology"
"Ubertinus de Casali";"Arbor vitae crucifixae Jesu Christi";;"theology-speculative"
"Vorrillong, Guillermus";"Repertorium opinionum in Scoto omissarum";"commentary; index; education";"Theology-speculative"
"Waleys, Thomas";"Expositiones super Psalterium";"commentary; bible";"theology-biblical"
"Watton, Johannes";"Speculum Christiani";;"theology-pastoral"
"Watton, Johannes";"Speculum Christiani";;"theology-pastoral"
"Winifred, S";"The life of the holy and blessed virgin Saint Winifred. Add: Translation of Saint Winifred";"literature";"hagiography"
"Zacharias Chrysopolitanus";"Unum ex quattuor seu Concordantia evangelistarum";"index; education; commentary; new testament";"theology biblical"
;"Alphabetum divini amoris";;"theology-moral"
;"Alphabetum divini amoris";;"theology-moral"
;"Biblia latina";"translation";"bible"
;"Biblia latina";"translation";"bible"
;"Biblia latina (cum glossa ordinaria Walafridi Strabonis aliorumque et interlineari Anselmi Laudunensis et cum postillis ac moralitatibus Nicolai de Lyra et expositionibus Guillelmi Britonis in omnes prologos S. Hieronymi et additionibus Pauli Burgensis replicisque Matthiae Doering). Ed: Sebastian Brant. Add: Nicolaus de Lyra: Contra perfidiam Judaeorum";"polemical works; translation; collection; hebraica; commentary; education";"bible"
;"Biblia latina (cum postillis Nicolai de Lyra et expositionibus Guillelmi Britonis in omnes prologos S. Hieronymi et additionibus Pauli Burgensis replicisque Matthiae Doering). Add: Nicolaus de Lyra: Contra perfidiam Judaeorum";"education; commentary; hebraica; translation; polemical works; collection";"bible"
;"Biblia latina (cum postillis Nicolai de Lyra et expositionibus Guillelmi Britonis in omnes prologos S. Hieronymi et additionibus Pauli Burgensis replicisque Matthiae Doering). Add: Nicolaus de Lyra: Contra perfidiam Judaeorum";"commentary; education; polemical works; collection; translation; hebraica";"bible"
;"Biblia latina, 42 lines";"translation";"bible"
;"Biblia latina. With additions by Menardus Monachus";"translation";"bible"
;"Biblia latina. With table of Gabriel Brunus";"translation; index";"bible"
;"Biblia latina. With table of Gabriel Brunus (revised)";"translation; index";"bible"
;"Biblia latina. With the Glossa Ordinaria of pseudo-Walafrid Strabo and interlinear glosses of Anselmus Laudunensis";"translation; commentary; education";"bible"
;"Breviarium Saresberiense (Salisbury)";"local";"liturgy"
;"Brocardica juris";"aphorisms; abridgment";"law-civil&amp;canon"
;"Chronicles of England [English]";"collection";"history"
;"Cordiale quattuor novissimorum";"bible";"Literature-devotional"
;"Corona B.M.V.";;"Literature-devotional"
;"Danse Macabre [French]. Add: Les Trois morts et les trois vifs. Ballade ""Las et pourquoi prends tu si grand plaisir...""";"popular?; collection; poetry";"Literature-moral"
;"Dits des philosophes [English] The dictes or sayengis of the philosophres. Translated from the French of Guillaume de Tignonville, by Anthony Wydeville (or Woodville), Earl Rivers";"translation; popular; philosophy";"Literature-moral"
;"Evagatorium Benemy. Con: Modus praedicandi. Epistola regulae et vitae christianae religionis explanativa. Michael de Hungaria: Sermones tredecim universales praedicabiles. Sermones de passione domini, de perfectione hominis, de fide et dilectione dei et proximi. Passio domini Jesu Christi secundum quattuor evangelia. Sermones de S. Anna. Sermo de rosario B.V. Mariae. Orationes devotissimae. Missale itinerantium. With supplement by Hermannus Buschius";"anthology";"theology-practical"
;"Expositio hymnorum secundum usum Sarum";"commentary; local";"liturgy"
;"Expositio hymnorum secundum usum Sarum [Expositio hymnorum in libro transmare impresso deficientium]";"local; commentary";"liturgy"
;"Expositio officii missae sacrique canonis";"commentary";"liturgy"
;"Flores legum secundum ordinem alphabeti";"education; index";"Law-civil"
;"Gesta Romanorum";"literature-moral; classical studies";"history"
;"Horae: ad usum Rothomagensem (Rouen) [Latin and French]";"literature-devotional; education; religion";"liturgy"
;"Horae: ad usum Sarum (Salisbury)";"religion; education; literature-devotional";"liturgy"
;"Horae: ad usum Sarum (Salisbury) [Latin and English]";"religion; education; literature-devotional";"liturgy"
;"Imitatio Christi. Add: Johannes Gerson: De meditatione cordis";"collection";"Literature-devotional"
;"Indulgentia [English]. General indulgence granted by William Waynflete (or Patten) of Winchester, Edward Scory of Chichester, James Goldwell of Norwich and John Morton of Ely";"local; theology-practical; grants &amp; licenses";"law-canon"
;"Le songe du vergier";"philosophy-political";"law-civil"
;"Manuale parochialium sacerdotum";;"theology-pastoral"
;"Meditationes de vita et beneficiis Jesu Christi, sive Gratiarum actiones";;"literature-devotional"
;"Mensa philosophica";"anthology";"literature-moral"
;"Missale Hildensemense (Hildesheim)";"religion";"liturgy"
;"Missale Saresberiense (Salisbury), sive Missale secundum Sarum";"religion";"liturgy"
;"Missale Saresberiense (Salisbury), sive Missale secundum Sarum";"religion";"liturgy"
;"Modus legendi abbreviaturas";"education; index";"Law-civil&amp;canon"
;"Morticellarium aureum";;"literature-moral"
;"Quattuor Sermones [English]";;"theology-pastoral"
;"Regulae monasticorum: Regulae SS. Benedicti, Basilii, Augustini, Francisci. Ed: Joannes Franciscus Brixianus";"administration church";"Law-canon"
;"Sermones ""Parati"" de tempore et de sanctis";;"theology-pastoral"
;"Sermones Sensati";;"theology-pastoral"
;"Sermones compositi super particulis antiphonae Salve regina";;"theology-pastoral"
;"Speculum exemplorum";;"theology-pastoral"
;"Speculum humanae salvationis";;"theology-pastoral"
;"Statutes and Ordenances of War made by Henry VII ... 17 October 1491";"law-statutes";"law-national"
;"Stella clericorum";"literature-moral";"theology-pastoral"
;"Synodalia";"local; administration-church";"law-canon"
;"The Chastysing of goddes Chyldern. Add: William Flete: De remediis contra temptationes [English]";"collection";"literature-moral"
;"Torah, Megillot, Haftarot, Megillat Antiochos. Comm: Solomon ben Isaac";"commentary; liturgy";"bible"
;"Von dem Ursprung und Anfang des heiligen Bergs zu Andechs";"local; literature-devotional";"History"


